Day,Pounds,Input Cals,Moving Mean,EMA,Deltas,Calories Net,total lbs gone,n,xy,x^2,Current Projected Goal Weight,,Day,PROJECTION,slope,sum x,sum y,sum xy,sum x sq
1,174.4,,,,,,-2.8,71,174.4,1,173.5783199,,1,174.3890443,-0.01095573441,2556,12340,443913.3,121836
2,176,,,,-1.6,5760,,,352,4,,,2,174.3780885,,,,,
3,177.6,,,,-1.6,5760,,,532.8,9,,,3,174.3671328,,,,,
4,174.6,,,,3,-10800,,,698.4,16,,,4,174.3561771,,,,,
5,176.6,,,,-2,7200,,,883,25,,,5,174.3452213,,,,,
6,174,,,,2.6,-9360,,,1044,36,,,6,174.3342656,,,,,
7,174,,175.3,175.3,0,0,,,1218,49,,,7,174.3233099,,,,,
8,174.4,,175.3,175.1,-0.4,1440,,,1395.2,64,,,8,174.3123541,,,,,
9,173.6,,175.0,174.7,0.8,-2880,,,1562.4,81,,,9,174.3013984,,,,,
10,173.2,,174.3,174.3,0.4,-1440,,,1732,100,,,10,174.2904427,,,,,
11,175.2,,174.4,174.6,-2,7200,,,1927.2,121,,,11,174.2794869,,,,,
12,174.4,,174.1,174.5,0.8,-2880,,,2092.8,144,,,12,174.2685312,,,,,
13,176.2,,174.4,174.9,-1.8,6480,,,2290.6,169,,,13,174.2575755,,,,,
14,174.4,,174.5,174.8,1.8,-6480,,,2441.6,196,,,14,174.2466197,,,,,
15,175,,174.6,174.9,-0.6,2160,,,2625,225,,,15,174.235664,,,,,
16,172.2,,174.4,174.2,2.8,-10080,,,2755.2,256,,,16,174.2247082,,,,,
17,175.4,,174.7,174.5,-3.2,11520,,,2981.8,289,,,17,174.2137525,,,,,
18,173.8,,174.5,174.3,1.6,-5760,,,3128.4,324,,,18,174.2027968,,,,,
19,173.4,,174.3,174.1,0.4,-1440,,,3294.6,361,,,19,174.191841,,,,,
20,173.2,,173.9,173.9,0.2,-720,,,3464,400,,,20,174.1808853,,,,,
21,172.2,,173.6,173.4,1,-3600,,,3616.2,441,,,21,174.1699296,,,,,
22,171.6,,173.1,173.0,0.6,-2160,,,3775.2,484,,,22,174.1589738,,,,,
23,171.2,,173.0,172.5,0.4,-1440,,,3937.6,529,,,23,174.1480181,,,,,
24,176,,173.1,173.4,-4.8,17280,,,4224,576,,,24,174.1370624,,,,,
25,173.6,,173.0,173.5,2.4,-8640,,,4340,625,,,25,174.1261066,,,,,
26,174.2,,173.1,173.6,-0.6,2160,,,4529.2,676,,,26,174.1151509,,,,,
27,175.8,,173.5,174.2,-1.6,5760,,,4746.6,729,,,27,174.1041952,,,,,
28,172.8,,173.6,173.8,3,-10800,,,4838.4,784,,,28,174.0932394,,,,,
29,173.2,,173.8,173.7,-0.4,1440,,,5022.8,841,,,29,174.0822837,,,,,
30,175.4,,174.4,174.1,-2.2,7920,,,5262,900,,,30,174.071328,,,,,
31,174.6,,174.2,174.2,0.8,-2880,,,5412.6,961,,,31,174.0603722,,,,,
32,173.8,,174.3,174.1,0.8,-2880,,,5561.6,1024,,,32,174.0494165,,,,,
33,173.4,,174.1,173.9,0.4,-1440,,,5722.2,1089,,,33,174.0384608,,,,,
34,173.6,,173.8,173.9,-0.2,720,,,5902.4,1156,,,34,174.027505,,,,,
35,173.4,,173.9,173.7,0.2,-720,,,6069,1225,,,35,174.0165493,,,,,
36,169.6,,173.4,172.7,3.8,-13680,,,6105.6,1296,,,36,174.0055936,,,,,
37,174.6,,173.3,173.2,-5,18000,,,6460.2,1369,,,37,173.9946378,,,,,
38,173.4,,173.1,173.2,1.2,-4320,,,6589.2,1444,,,38,173.9836821,,,,,
39,174,,173.1,173.4,-0.6,2160,,,6786,1521,,,39,173.9727264,,,,,
40,171.4,,172.9,172.9,2.6,-9360,,,6856,1600,,,40,173.9617706,,,,,
41,173,,172.8,172.9,-1.6,5760,,,7093,1681,,,41,173.9508149,,,,,
42,173,,172.7,173.0,0,0,,,7266,1764,,,42,173.9398592,,,,,
43,172.4,,173.1,172.8,0.6,-2160,,,7413.2,1849,,,43,173.9289034,,,,,
44,171.2,,172.6,172.4,1.2,-4320,,,7532.8,1936,,,44,173.9179477,,,,,
45,171.2,,172.3,172.1,0,0,,,7704,2025,,,45,173.906992,,,,,
46,174.2,,172.3,172.6,-3,10800,,,8013.2,2116,,,46,173.8960362,,,,,
47,171.8,,172.4,172.4,2.4,-8640,,,8074.6,2209,,,47,173.8850805,,,,,
48,172.2,,172.3,172.4,-0.4,1440,,,8265.6,2304,,,48,173.8741247,,,,,
49,172.8,,172.3,172.5,-0.6,2160,,,8467.2,2401,,,49,173.863169,,,,,
50,173.6,,172.4,172.8,-0.8,2880,,,8680,2500,,,50,173.8522133,,,,,
51,170.9,,172.4,172.3,2.7,-9720,,,8715.9,2601,,,51,173.8412575,,,,,
52,172.4,,172.6,172.3,-1.5,5400,,,8964.8,2704,,,52,173.8303018,,,,,
53,175.6,,172.8,173.1,-3.2,11520,,,9306.8,2809,,,53,173.8193461,,,,,
54,173,,172.9,173.1,2.6,-9360,,,9342,2916,,,54,173.8083903,,,,,
55,173,,173.0,173.1,0,0,,,9515,3025,,,55,173.7974346,,,,,
56,175.4,,173.4,173.7,-2.4,8640,,,9822.4,3136,,,56,173.7864789,,,,,
57,172.4,,173.2,173.3,3,-10800,,,9826.8,3249,,,57,173.7755231,,,,,
58,173.5,,173.6,173.4,-1.1,3960,,,10063,3364,,,58,173.7645674,,,,,
59,173,,173.7,173.3,0.5,-1800,,,10207,3481,,,59,173.7536117,,,,,
60,175.2,,173.6,173.8,-2.2,7920,,,10512,3600,,,60,173.7426559,,,,,
61,172.8,,173.6,173.5,2.4,-8640,,,10540.8,3721,,,61,173.7317002,,,,,
62,176.8,,174.2,174.3,-4,14400,,,10961.6,3844,,,62,173.7207445,,,,,
63,173,,173.8,174.0,3.8,-13680,,,10899,3969,,,63,173.7097887,,,,,
64,173.8,,174.0,174.0,-0.8,2880,,,11123.2,4096,,,64,173.698833,,,,,
65,175,,174.2,174.2,-1.2,4320,,,11375,4225,,,65,173.6878773,,,,,
66,175.4,,174.6,174.5,-0.4,1440,,,11576.4,4356,,,66,173.6769215,,,,,
67,175,,174.5,174.6,0.4,-1440,,,11725,4489,,,67,173.6659658,,,,,
68,177,,175.1,175.2,-2,7200,,,12036,4624,,,68,173.6550101,,,,,
69,173,,174.6,174.7,4,-14400,,,11937,4761,,,69,173.6440543,,,,,
70,175.2,,174.9,174.8,-2.2,7920,,,12264,4900,,,70,173.6330986,,,,,
71,173.8,,174.9,174.6,1.4,-5040,,,12339.8,5041,,,71,173.6221429,,,,,
72,174.4,,174.8,174.5,-0.6,2160,,,12556.8,5184,,,72,173.6111871,,,,,
73,175.8,,174.9,174.8,-1.4,5040,,,12833.4,5329,,,73,173.6002314,,,,,
74,173.2,,174.6,174.4,2.6,-9360,,,12816.8,5476,,,74,173.5892757,,,,,
75,174.4,,174.3,174.4,-1.2,4320,,,13080,5625,,,75,173.5783199,,,,,
76,174,,174.4,174.3,0.4,-1440,,,13224,5776,,,76,173.5673642,,,,,
77,174.6,,174.3,174.4,-0.6,2160,,,13444.2,5929,,,77,173.5564085,,,,,
78,173.6,,174.3,174.2,1,-3600,,,13540.8,6084,,,78,173.5454527,,,,,
79,174,,174.2,174.1,-0.4,1440,,,13746,6241,,,79,173.534497,,,,,
80,174,,174.0,174.1,0,0,,,13920,6400,,,80,173.5235412,,,,,
81,175.6,,174.3,174.5,-1.6,5760,,,14223.6,6561,,,81,173.5125855,,,,,
82,176,,174.5,174.9,-0.4,1440,,,14432,6724,,,82,173.5016298,,,,,
83,175.2,,174.7,174.9,0.8,-2880,,,14541.6,6889,,,83,173.490674,,,,,
84,178,,175.2,175.7,-2.8,10080,,,14952,7056,,,84,173.4797183,,,,,
85,176,,175.5,175.8,2,-7200,,,14960,7225,,,85,173.4687626,,,,,
86,175.4,,175.7,175.7,0.6,-2160,,,15084.4,7396,,,86,173.4578068,,,,,
87,174,,175.7,175.3,1.4,-5040,,,15138,7569,,,87,173.4468511,,,,,
88,174.2,,175.5,175.0,-0.2,720,,,15329.6,7744,,,88,173.4358954,,,,,
89,173.4,,175.2,174.6,0.8,-2880,,,15432.6,7921,,,89,173.4249396,,,,,
90,176.6,,175.4,175.1,-3.2,11520,,,15894,8100,,,90,173.4139839,,,,,
91,173.2,,174.7,174.6,3.4,-12240,,,15761.2,8281,,,91,173.4030282,,,,,
92,174.2,,174.4,174.5,-1,3600,,,16026.4,8464,,,92,173.3920724,,,,,
93,176.4,,174.6,175.0,-2.2,7920,,,16405.2,8649,,,93,173.3811167,,,,,
94,175.4,,174.8,175.1,1,-3600,,,16487.6,8836,,,94,173.370161,,,,,
95,175.4,,174.9,175.2,0,0,,,16663,9025,,,95,173.3592052,,,,,
96,176.6,,175.4,175.5,-1.2,4320,,,16953.6,9216,,,96,173.3482495,,,,,
97,176,,175.3,175.6,0.6,-2160,,,17072,9409,,,97,173.3372938,,,,,
98,175.8,,175.7,175.7,0.2,-720,,,17228.4,9604,,,98,173.326338,,,,,
99,176.4,,176.0,175.9,-0.6,2160,,,17463.6,9801,,,99,173.3153823,,,,,
100,178.8,,176.3,176.6,-2.4,8640,,,17880,10000,,,100,173.3044266,,,,,
101,175.4,,176.3,176.3,3.4,-12240,,,17715.4,10201,,,101,173.2934708,,,,,
102,174.6,,176.2,175.9,0.8,-2880,,,17809.2,10404,,,102,173.2825151,,,,,
103,175.8,,176.1,175.9,-1.2,4320,,,18107.4,10609,,,103,173.2715594,,,,,
104,175.6,,176.1,175.8,0.2,-720,,,18262.4,10816,,,104,173.2606036,,,,,
105,175.2,,176.0,175.6,0.4,-1440,,,18396,11025,,,105,173.2496479,,,,,
106,176.4,,176.0,175.8,-1.2,4320,,,18698.4,11236,,,106,173.2386922,,,,,
107,173.4,,175.2,175.2,3,-10800,,,18553.8,11449,,,107,173.2277364,,,,,
108,173,,174.9,174.7,0.4,-1440,,,18684,11664,,,108,173.2167807,,,,,
109,177.2,,175.2,175.3,-4.2,15120,,,19314.8,11881,,,109,173.2058249,,,,,
110,176.4,,175.3,175.6,0.8,-2880,,,19404,12100,,,110,173.1948692,,,,,
111,174.6,,175.2,175.3,1.8,-6480,,,19380.6,12321,,,111,173.1839135,,,,,
112,175.4,,175.2,175.3,-0.8,2880,,,19644.8,12544,,,112,173.1729577,,,,,
113,174.2,,174.9,175.1,1.2,-4320,,,19684.6,12769,,,113,173.162002,,,,,
114,176.4,,175.3,175.4,-2.2,7920,,,20109.6,12996,,,114,173.1510463,,,,,
115,175.8,,175.7,175.5,0.6,-2160,,,20217,13225,,,115,173.1400905,,,,,
116,177.8,,175.8,176.1,-2,7200,,,20624.8,13456,,,116,173.1291348,,,,,
117,178,,176.0,176.6,-0.2,720,,,20826,13689,,,117,173.1181791,,,,,
118,178.4,,176.6,177.0,-0.4,1440,,,21051.2,13924,,,118,173.1072233,,,,,
119,177.2,,176.8,177.1,1.2,-4320,,,21086.8,14161,,,119,173.0962676,,,,,
120,175.4,,177.0,176.6,1.8,-6480,,,21048,14400,,,120,173.0853119,,,,,
121,176.8,,177.1,176.7,-1.4,5040,,,21392.8,14641,,,121,173.0743561,,,,,
122,177.6,,177.3,176.9,-0.8,2880,,,21667.2,14884,,,122,173.0634004,,,,,
123,176.6,,177.1,176.8,1,-3600,,,21721.8,15129,,,123,173.0524447,,,,,
124,176,,176.9,176.6,0.6,-2160,,,21824,15376,,,124,173.0414889,,,,,
125,177.4,,176.7,176.8,-1.4,5040,,,,,,,,,,,,,
126,176.6,,176.6,176.8,0.8,-2880,,,,,,,,,,,,,
127,177.2,,176.9,176.9,-0.6,2160,,,,,,,,,,,,,
128,177.2,,176.9,177.0,0,0,,,,,,,,,,,,,
129,178.6,,177.1,177.4,-1.4,5040,,,,,,,,,,,,,
130,174.4,,176.8,176.6,4.2,-15120,,,,,,,,,,,,,
131,176.6,,176.9,176.6,-2.2,7920,,,,,,,,,,,,,
132,177.4,,176.9,176.8,-0.8,2880,,,,,,,,,,,,,
133,178,,177.1,177.1,-0.6,2160,,,,,,,,,,,,,
134,177.6,,177.1,177.2,0.4,-1440,,,,,,,,,,,,,
135,176.6,,177.0,177.1,1,-3600,,,,,,,,,,,,,
136,176.8,,176.8,177.0,-0.2,720,,,,,,,,,,,,,
137,176.6,,177.1,176.9,0.2,-720,,,,,,,,,,,,,
138,175.8,,177.0,176.6,0.8,-2880,,,,,,,,,,,,,
139,175.6,,176.7,176.4,0.2,-720,,,,,,,,,,,,,
140,175.8,,176.4,176.2,-0.2,720,,,,,,,,,,,,,
141,175.8,,176.1,176.1,0,0,,,,,,,,,,,,,
142,176.2,,176.1,176.1,-0.4,1440,,,,,,,,,,,,,
143,176.2,,176.0,176.2,0,0,,,,,,,,,,,,,
144,177.8,,176.2,176.6,-1.6,5760,,,,,,,,,,,,,
145,176.6,,176.3,176.6,1.2,-4320,,,,,,,,,,,,,
146,178,,176.6,176.9,-1.4,5040,,,,,,,,,,,,,
147,176.6,,176.7,176.8,1.4,-5040,,,,,,,,,,,,,
148,177,,176.9,176.9,-0.4,1440,,,,,,,,,,,,,
149,176.6,,177.0,176.8,0.4,-1440,,,,,,,,,,,,,
150,176,,176.9,176.6,0.6,-2160,,,,,,,,,,,,,
151,175.4,,176.6,176.3,0.6,-2160,,,,,,,,,,,,,
152,174,,176.2,175.7,1.4,-5040,,,,,,,,,,,,,
153,174.6,,175.7,175.4,-0.6,2160,,,,,,,,,,,,,
154,176.4,,175.7,175.7,-1.8,6480,,,,,,,,,,,,,
155,175.6,,175.5,175.7,0.8,-2880,,,,,,,,,,,,,
156,174.2,,175.2,175.3,1.4,-5040,,,,,,,,,,,,,
157,175.4,,175.1,175.3,-1.2,4320,,,,,,,,,,,,,
158,178.6,,175.5,176.1,-3.2,11520,,,,,,,,,,,,,
159,176.8,,175.9,176.3,1.8,-6480,,,,,,,,,,,,,
160,176,,176.1,176.2,0.8,-2880,,,,,,,,,,,,,
161,175,,175.9,175.9,1,-3600,,,,,,,,,,,,,
162,179.4,,176.5,176.8,-4.4,15840,,,,,,,,,,,,,
163,179.4,,177.2,177.4,0,0,,,,,,,,,,,,,
164,174.8,,177.1,176.8,4.6,-16560,,,,,,,,,,,,,
165,176.2,,176.8,176.6,-1.4,5040,,,,,,,,,,,,,
166,177.4,,176.9,176.8,-1.2,4320,,,,,,,,,,,,,
167,176.6,,177.0,176.8,0.8,-2880,,,,,,,,,,,,,
168,175.2,,177.0,176.4,1.4,-5040,,,,,,,,,,,,,
169,177.9,,176.8,176.8,-2.7,9720,,,,,,,,,,,,,
170,178,,176.6,177.1,-0.1,360,,,,,,,,,,,,,
171,182.6,,177.7,178.5,-4.6,16560,,,,,,,,,,,,,
172,180.6,,178.3,179.0,2,-7200,,,,,,,,,,,,,
173,179,,178.6,179.0,1.6,-5760,,,,,,,,,,,,,
174,178.4,,178.8,178.8,0.6,-2160,,,,,,,,,,,,,
175,175.6,,178.9,178.0,2.8,-10080,,,,,,,,,,,,,
176,178.6,,179.0,178.2,-3,10800,,,,,,,,,,,,,
177,176.6,,178.8,177.8,2,-7200,,,,,,,,,,,,,
178,176.6,,177.9,177.5,0,0,,,,,,,,,,,,,
179,176.6,,177.3,177.3,0,0,,,,,,,,,,,,,
180,175.6,,176.9,176.8,1,-3600,,,,,,,,,,,,,
181,176.6,,176.6,176.8,-1,3600,,,,,,,,,,,,,
182,178.8,,177.1,177.3,-2.2,7920,,,,,,,,,,,,,
183,178,,177.0,177.5,0.8,-2880,,,,,,,,,,,,,
184,179.4,,177.4,178.0,-1.4,5040,,,,,,,,,,,,,
185,178.2,,177.6,178.0,1.2,-4320,,,,,,,,,,,,,
186,177.4,,177.7,177.9,0.8,-2880,,,,,,,,,,,,,
187,176.8,,177.9,177.6,0.6,-2160,,,,,,,,,,,,,
188,176.8,,177.9,177.4,0,0,,,,,,,,,,,,,
189,176.4,,177.6,177.1,0.4,-1440,,,,,,,,,,,,,
190,176.6,,177.4,177.0,-0.2,720,,,,,,,,,,,,,
191,177.2,,177.1,177.1,-0.6,2160,,,,,,,,,,,,,
192,176.4,,176.8,176.9,0.8,-2880,,,,,,,,,,,,,
193,175,,176.5,176.4,1.4,-5040,,,,,,,,,,,,,
194,176.2,,176.4,176.4,-1.2,4320,,,,,,,,,,,,,
195,176.2,,176.3,176.3,0,0,,,,,,,,,,,,,
196,177.4,,176.4,176.6,-1.2,4320,,,,,,,,,,,,,
197,176.8,,176.5,176.6,0.6,-2160,,,,,,,,,,,,,
198,176.6,,176.4,176.6,0.2,-720,,,,,,,,,,,,,
199,175.6,,176.3,176.4,1,-3600,,,,,,,,,,,,,
200,174.4,,176.2,175.9,1.2,-4320,,,,,,,,,,,,,
201,173.2,,175.7,175.2,1.2,-4320,,,,,,,,,,,,,
202,174.2,,175.5,175.0,-1,3600,,,,,,,,,,,,,
203,174,,175.0,174.7,0.2,-720,,,,,,,,,,,,,
204,174.6,,174.7,174.7,-0.6,2160,,,,,,,,,,,,,
205,176.2,,174.6,175.1,-1.6,5760,,,,,,,,,,,,,
206,174.4,,174.4,174.9,1.8,-6480,,,,,,,,,,,,,
207,175.8,,174.6,175.1,-1.4,5040,,,,,,,,,,,,,
208,175,,174.9,175.1,0.8,-2880,,,,,,,,,,,,,
209,174.4,,174.9,174.9,0.6,-2160,,,,,,,,,,,,,
210,172.8,,174.7,174.4,1.6,-5760,,,,,,,,,,,,,
211,174.6,,174.7,174.4,-1.8,6480,,,,,,,,,,,,,
212,175.4,,174.6,174.7,-0.8,2880,,,,,,,,,,,,,
213,174,,174.6,174.5,1.4,-5040,,,,,,,,,,,,,
214,173.2,,174.2,174.2,0.8,-2880,,,,,,,,,,,,,
215,174,,174.1,174.1,-0.8,2880,,,,,,,,,,,,,
216,173.2,,173.9,173.9,0.8,-2880,,,,,,,,,,,,,
217,176.2,,174.4,174.5,-3,10800,,,,,,,,,,,,,
218,175.6,,174.5,174.8,0.6,-2160,,,,,,,,,,,,,
219,174,,174.3,174.6,1.6,-5760,,,,,,,,,,,,,
220,174.6,,174.4,174.6,-0.6,2160,,,,,,,,,,,,,
221,172.2,,174.3,174.0,2.4,-8640,,,,,,,,,,,,,
222,174,,174.3,174.0,-1.8,6480,,,,,,,,,,,,,
223,175.6,,174.6,174.4,-1.6,5760,,,,,,,,,,,,,
224,172.8,,174.1,174.0,2.8,-10080,,,,,,,,,,,,,
225,174.4,,173.9,174.1,-1.6,5760,,,,,,,,,,,,,
226,174.4,,174.0,174.2,0,0,,,,,,,,,,,,,
227,176.6,,174.3,174.8,-2.2,7920,,,,,,,,,,,,,
228,175.2,,174.7,174.9,1.4,-5040,,,,,,,,,,,,,
229,175,,174.9,174.9,0.2,-720,,,,,,,,,,,,,
230,173.2,,174.5,174.5,1.8,-6480,,,,,,,,,,,,,
231,172,,174.4,173.9,1.2,-4320,,,,,,,,,,,,,
232,172,,174.1,173.4,0,0,,,,,,,,,,,,,
233,174.2,,174.0,173.6,-2.2,7920,,,,,,,,,,,,,
234,177.6,,174.2,174.6,-3.4,12240,,,,,,,,,,,,,
235,176.2,,174.3,175.0,1.4,-5040,,,,,,,,,,,,,
236,174.8,,174.3,174.9,1.4,-5040,,,,,,,,,,,,,
237,173,,174.3,174.5,1.8,-6480,,,,,,,,,,,,,
238,175.4,,174.7,174.7,-2.4,8640,,,,,,,,,,,,,
239,175,,175.2,174.8,0.4,-1440,,,,,,,,,,,,,
240,175,,175.3,174.8,0,0,,,,,,,,,,,,,
241,175.8,,175.0,175.1,-0.8,2880,,,,,,,,,,,,,
242,175,,174.9,175.1,0.8,-2880,,,,,,,,,,,,,
243,176.1,,175.0,175.3,-1.1,3960,,,,,,,,,,,,,
244,175.4,,175.4,175.3,0.7,-2520,,,,,,,,,,,,,
245,176.4,,175.5,175.6,-1,3600,,,,,,,,,,,,,
246,176.4,,175.7,175.8,0,0,,,,,,,,,,,,,
247,178.8,,176.3,176.6,-2.4,8640,,,,,,,,,,,,,
248,178.8,,176.7,177.1,0,0,,,,,,,,,,,,,
249,174.4,,176.6,176.4,4.4,-15840,,,,,,,,,,,,,
250,173.4,,176.2,175.7,1,-3600,,,,,,,,,,,,,
251,173.6,,176.0,175.2,-0.2,720,,,,,,,,,,,,,
252,172.8,,175.5,174.6,0.8,-2880,,,,,,,,,,,,,
253,173.4,,175.0,174.3,-0.6,2160,,,,,,,,,,,,,
254,177.4,,174.8,175.1,-4,14400,,,,,,,,,,,,,
255,177.4,,174.6,175.6,0,0,,,,,,,,,,,,,
256,174.4,,174.6,175.3,3,-10800,,,,,,,,,,,,,
257,172.2,,174.5,174.5,2.2,-7920,,,,,,,,,,,,,
258,175,,174.7,174.7,-2.8,10080,,,,,,,,,,,,,
259,178.6,,175.5,175.6,-3.6,12960,,,,,,,,,,,,,
260,175.6,,175.8,175.6,3,-10800,,,,,,,,,,,,,
261,173.6,,175.3,175.1,2,-7200,,,,,,,,,,,,,
262,175.6,,175.0,175.2,-2,7200,,,,,,,,,,,,,
263,174.2,,175.0,175.0,1.4,-5040,,,,,,,,,,,,,
264,174.4,,175.3,174.8,-0.2,720,,,,,,,,,,,,,
265,175.2,,175.3,174.9,-0.8,2880,,,,,,,,,,,,,
266,175.2,,174.8,175.0,0,0,,,,,,,,,,,,,
267,175.4,,174.8,175.1,-0.2,720,,,,,,,,,,,,,
268,177.6,,175.4,175.7,-2.2,7920,,,,,,,,,,,,,
269,177.2,,175.6,176.1,0.4,-1440,,,,,,,,,,,,,
270,176.8,,176.0,176.3,0.4,-1440,,,,,,,,,,,,,
271,178.2,,176.5,176.8,-1.4,5040,,,,,,,,,,,,,
272,175,,176.5,176.3,3.2,-11520,,,,,,,,,,,,,
273,177.2,,176.8,176.5,-2.2,7920,,,,,,,,,,,,,
274,177.6,,177.1,176.8,-0.4,1440,,,,,,,,,,,,,
275,174.4,,176.6,176.2,3.2,-11520,,,,,,,,,,,,,
276,176,,176.5,176.2,-1.6,5760,,,,,,,,,,,,,
277,175.4,,176.3,176.0,0.6,-2160,,,,,,,,,,,,,
278,174.4,,175.7,175.6,1,-3600,,,,,,,,,,,,,
279,175.2,,175.7,175.5,-0.8,2880,,,,,,,,,,,,,
280,174.2,,175.3,175.2,1,-3600,,,,,,,,,,,,,
281,173,,174.7,174.6,1.2,-4320,,,,,,,,,,,,,
282,172.2,,174.3,174.0,0.8,-2880,,,,,,,,,,,,,
283,174,,174.1,174.0,-1.8,6480,,,,,,,,,,,,,
284,175.6,,174.1,174.4,-1.6,5760,,,,,,,,,,,,,
285,176.4,,174.4,174.9,-0.8,2880,,,,,,,,,,,,,
286,175.6,,174.4,175.1,0.8,-2880,,,,,,,,,,,,,
287,175.2,,174.6,175.1,0.4,-1440,,,,,,,,,,,,,
288,173.8,,174.7,174.8,1.4,-5040,,,,,,,,,,,,,
289,174.4,,175.0,174.7,-0.6,2160,,,,,,,,,,,,,
290,175.6,,175.2,174.9,-1.2,4320,,,,,,,,,,,,,
291,175,,175.1,174.9,0.6,-2160,,,,,,,,,,,,,
292,173.2,,174.7,174.5,1.8,-6480,,,,,,,,,,,,,
293,173.6,,174.4,174.3,-0.4,1440,,,,,,,,,,,,,
294,173.4,,174.1,174.1,0.2,-720,,,,,,,,,,,,,
295(+27),173.4,,174.1,173.9,0,0,,,,,,,,,,,,,
296,170.8,,173.6,173.1,2.6,-9360,,,,,,,,,,,,,
297,172,,173.1,172.8,-1.2,4320,,,,,,,,,,,,,
298,171.2,,172.5,172.4,0.8,-2880,,,,,,,,,,,,,
299,172.8,,172.5,172.5,-1.6,5760,,,,,,,,,,,,,
300,171.4,,172.1,172.2,1.4,-5040,,,,,,,,,,,,,
301,171,,171.8,171.9,0.4,-1440,,,,,,,,,,,,,
302,172.8,,171.7,172.1,-1.8,6480,,,,,,,,,,,,,
303,172,,171.9,172.1,0.8,-2880,,,,,,,,,,,,,
304,171.6,,171.8,172.0,0.4,-1440,,,,,,,,,,,,,
305,173.6,,172.2,172.4,-2,7200,,,,,,,,,,,,,
306,172.8,,172.2,172.5,0.8,-2880,,,,,,,,,,,,,
307,175.6,,172.8,173.3,-2.8,10080,,,,,,,,,,,,,
308,171.4,,172.8,172.8,4.2,-15120,,,,,,,,,,,,,
309,172.4,,172.8,172.7,-1,3600,,,,,,,,,,,,,
310,168.6,,172.3,171.7,3.8,-13680,,,,,,,,,,,,,
311,175,,172.8,172.5,-6.4,23040,,,,,,,,,,,,,
312,175.8,,173.1,173.3,-0.8,2880,,,,,,,,,,,,,
313,176,,173.5,174.0,-0.2,720,,,,,,,,,,,,,
314,175.6,,173.5,174.4,0.4,-1440,,,,,,,,,,,,,
315,176.2,,174.2,174.8,-0.6,2160,,,,,,,,,,,,,
316,175.8,,174.7,175.1,0.4,-1440,,,,,,,,,,,,,
317,176.8,,175.9,175.5,-1,3600,,,,,,,,,,,,,
318,175.6,,176.0,175.5,1.2,-4320,,,,,,,,,,,,,
319,177.2,,176.2,176.0,-1.6,5760,,,,,,,,,,,,,
320,174.8,,176.0,175.7,2.4,-8640,,,,,,,,,,,,,
321,174.6,,175.9,175.4,0.2,-720,,,,,,,,,,,,,
322,175.2,,175.7,175.3,-0.6,2160,,,,,,,,,,,,,
323,174.2,,175.5,175.1,1,-3600,,,,,,,,,,,,,
324,177.6,,175.6,175.7,-3.4,12240,,,,,,,,,,,,,
325,176.2,,175.7,175.8,1.4,-5040,,,,,,,,,,,,,
326,174,,175.2,175.4,2.2,-7920,,,,,,,,,,,,,
327,174,,175.1,175.0,0,0,,,,,,,,,,,,,
328,175,,175.2,175.0,-1,3600,,,,,,,,,,,,,
329,175.8,,175.3,175.2,-0.8,2880,,,,,,,,,,,,,
330,176.6,,175.6,175.6,-0.8,2880,,,,,,,,,,,,,
331,179.4,,175.9,176.5,-2.8,10080,,,,,,,,,,,,,
332,177.6,,176.1,176.8,1.8,-6480,,,,,,,,,,,,,
333,176.2,,176.4,176.6,1.4,-5040,,,,,,,,,,,,,
334,173.4,,176.3,175.8,2.8,-10080,,,,,,,,,,,,,
335,174.2,,176.2,175.4,-0.8,2880,,,,,,,,,,,,,
336,177,,176.3,175.8,-2.8,10080,,,,,,,,,,,,,
337,175.8,,176.2,175.8,1.2,-4320,,,,,,,,,,,,,
338,176.4,,175.8,176.0,-0.6,2160,,,,,,,,,,,,,
339,177.2,,175.7,176.3,-0.8,2880,,,,,,,,,,,,,
340,175,,175.6,176.0,2.2,-7920,,,,,,,,,,,,,
341,174.4,,175.7,175.6,0.6,-2160,,,,,,,,,,,,,
342,171.6,,175.3,174.6,2.8,-10080,,,,,,,,,,,,,
343,175.4,,175.1,174.8,-3.8,13680,,,,,,,,,,,,,
344,175.4,,175.1,174.9,0,0,,,,,,,,,,,,,
345,177.2,,175.2,175.5,-1.8,6480,,,,,,,,,,,,,
346,177.2,,175.2,175.9,0,0,,,,,,,,,,,,,
347,176,,175.3,175.9,1.2,-4320,,,,,,,,,,,,,
348,178.4,,175.9,176.6,-2.4,8640,,,,,,,,,,,,,
349,179,,176.9,177.2,-0.6,2160,,,,,,,,,,,,,
350,177.6,,177.3,177.3,1.4,-5040,,,,,,,,,,,,,
351,178.4,,177.7,177.6,-0.8,2880,,,,,,,,,,,,,
352,178.6,,177.9,177.8,-0.2,720,,,,,,,,,,,,,
353,177.4,,177.9,177.7,1.2,-4320,,,,,,,,,,,,,
354,176.8,,178.0,177.5,0.6,-2160,,,,,,,,,,,,,
355,178.6,,178.1,177.8,-1.8,6480,,,,,,,,,,,,,
356,176.4,,177.7,177.4,2.2,-7920,,,,,,,,,,,,,
357,177.6,,177.7,177.5,-1.2,4320,,,,,,,,,,,,,
358,180,,177.9,178.1,-2.4,8640,,,,,,,,,,,,,
359,180.4,,178.2,178.7,-0.4,1440,,,,,,,,,,,,,
360,177.6,,178.2,178.4,2.8,-10080,,,,,,,,,,,,,
361,178.4,,178.4,178.4,-0.8,2880,,,,,,,,,,,,,
362,178,1331.0,178.3,178.3,0.4,-1440,,,,,,,,,,,,,
363,175.8,4148.0,178.3,177.7,2.2,-7920,,,,,,,,,,,,,
364,175.6,1563.0,178.0,177.2,0.2,-720,,,,,,,,,,,,,
365,177.2,1943.0,177.6,177.2,-1.6,5760,,,,,,,,,,,,,
366,179.6,1195.0,177.5,177.8,-2.4,8640,,,,,,,,,,,,,
367,179.2,2702.0,177.7,178.1,0.4,-1440,,,,,,,,,,,,,
368,178,4700.0,177.6,178.1,1.2,-4320,,,,,,,,,,,,,
369,176.8,2225.0,177.5,177.8,1.2,-4320,,,,,,,,,,,,,
370,175.2,1445.0,177.4,177.1,1.6,-5760,,,,,,,,,,,,,
371,177.2,2372.0,177.6,177.1,-2,7200,,,,,,,,,,,,,
372,178.4,3630.0,177.8,177.5,-1.2,4320,,,,,,,,,,,,,
373,177.8,5000.0,177.5,177.5,0.6,-2160,,,,,,,,,,,,,
374,178,1319.0,177.3,177.7,-0.2,720,,,,,,,,,,,,,
375,177.2,2119.0,177.2,177.5,0.8,-2880,,,,,,,,,,,,,
376,176.2,1358.0,177.1,177.2,1,-3600,,,,,,,,,,,,,
377,180,5000.0,177.8,177.9,-3.8,13680,,,,,,,,,,,,,
378,175.8,5000.0,177.6,177.4,4.2,-15120,,,,,,,,,,,,,
379,176.6,1930.0,177.4,177.2,-0.8,2880,,,,,,,,,,,,,
380,176.2,1627.0,177.1,176.9,0.4,-1440,,,,,,,,,,,,,
381,176.4,2165.0,176.9,176.8,-0.2,720,,,,,,,,,,,,,
382,177.8,3047.0,177.0,177.1,-1.4,5040,,,,,,,,,,,,,
383,177.6,2580.0,177.2,177.2,0.2,-720,,,,,,,,,,,,,
384,175.4,2666.0,176.5,176.7,2.2,-7920,,,,,,,,,,,,,
385,176.6,2869.0,176.7,176.7,-1.2,4320,,,,,,,,,,,,,
386,175.4,4560.0,176.5,176.4,1.2,-4320,,,,,,,,,,,,,
387,175.4,2100.0,176.4,176.1,0,0,,,,,,,,,,,,,
388,176.8,,176.4,176.3,-1.4,5040,,,,,,,,,,,,,
389,175.6,1539.0,176.1,176.1,1.2,-4320,,,,,,,,,,,,,
390,174,3300.0,175.6,175.6,1.6,-5760,,,,,,,,,,,,,
391,173.6,2800.0,175.3,175.1,0.4,-1440,,,,,,,,,,,,,
392,176.6,2300.0,175.3,175.5,-3,10800,,,,,,,,,,,,,
393,172.6,1424.0,174.9,174.8,4,-14400,,,,,,,,,,,,,
394,179.6,2900.0,175.5,176.0,-7,25200,,,,,,,,,,,,,
395,176.8,,175.5,176.2,2.8,-10080,,,,,,,,,,,,,
396,175.4,2243.0,175.5,176.0,1.4,-5040,,,,,,,,,,,,,
397,173.2,,175.4,175.3,2.2,-7920,,,,,,,,,,,,,
398,177.8,3600.0,176.0,175.9,-4.6,16560,,,,,,,,,,,,,
399,176.4,1111.0,176.0,176.0,1.4,-5040,,,,,,,,,,,,,
400,176.8,1770.0,176.6,176.2,-0.4,1440,,,,,,,,,,,,,
401,177.2,2136.0,176.2,176.5,-0.4,1440,,,,,,,,,,,,,
402,177.2,1663.0,176.3,176.7,0,0,,,,,,,,,,,,,
403,175.4,1600.0,176.3,176.3,1.8,-6480,,,,,,,,,,,,,
404,174.6,1374.0,176.5,175.9,0.8,-2880,,,,,,,,,,,,,
405,174.6,2550.0,176.0,175.6,0,0,,,,,,,,,,,,,
406,175,2340.0,175.8,175.4,-0.4,1440,,,,,,,,,,,,,
407,175.2,2033.0,175.6,175.4,-0.2,720,,,,,,,,,,,,,
408,175,2169.0,175.3,175.3,0.2,-720,,,,,,,,,,,,,
409,178,3300.0,175.4,176.0,-3,10800,,,,,,,,,,,,,
410,175.4,710.0,175.4,175.8,2.6,-9360,,,,,,,,,,,,,
411,175,3400.0,175.5,175.6,0.4,-1440,,,,,,,,,,,,,
412,175.8,1907.0,175.6,175.7,-0.8,2880,,,,,,,,,,,,,
413,174.6,2280.0,175.6,175.4,1.2,-4320,,,,,,,,,,,,,
414,175,4000.0,175.5,175.3,-0.4,1440,,,,,,,,,,,,,
415,175.6,4250.0,175.6,175.4,-0.6,2160,,,,,,,,,,,,,
416,174,1500.0,175.1,175.0,1.6,-5760,,,,,,,,,,,,,
417,174,1600.0,174.9,174.8,0,0,,,,,,,,,,,,,
418,176.6,,175.1,175.2,-2.6,9360,,,,,,,,,,,,,
419,176.6,,175.2,175.6,0,0,,,,,,,,,,,,,
420,176.6,,175.5,175.8,0,0,,,,,,,,,,,,,
421,177.4,,175.8,176.2,-0.8,2880,,,,,,,,,,,,,
422,176.2,,175.9,176.2,1.2,-4320,,,,,,,,,,,,,
423,176.4,,176.3,176.3,-0.2,720,,,,,,,,,,,,,
424,174.2,,176.3,175.7,2.2,-7920,,,,,,,,,,,,,
425,178,,176.5,176.3,-3.8,13680,,,,,,,,,,,,,
426,176.2,,176.4,176.3,1.8,-6480,,,,,,,,,,,,,
427,176.4,3111.0,176.4,176.3,-0.2,720,,,,,,,,,,,,,
428,174.6,1870.0,176.0,175.9,1.8,-6480,,,,,,,,,,,,,
429,173.8,1177.0,175.7,175.4,0.8,-2880,,,,,,,,,,,,,
430,176,3000.0,175.6,175.5,-2.2,7920,,,,,,,,,,,,,
431,176,,175.9,175.6,0,0,,,,,,,,,,,,,
432,178,,175.9,176.2,-2,7200,,,,,,,,,,,,,
433,175,,175.7,175.9,3,-10800,,,,,,,,,,,,,
434,175.2,,175.5,175.7,-0.2,720,,,,,,,,,,,,,
435,175.4,,175.6,175.7,-0.2,720,,,,,,,,,,,,,
436,175.6,,175.9,175.6,-0.2,720,,,,,,,,,,,,,
437,176.4,,175.9,175.8,-0.8,2880,,,,,,,,,,,,,
438,174.4,,175.7,175.5,2,-7200,,,,,,,,,,,,,
439,181.8,,176.3,177.1,-7.4,26640,,,,,,,,,,,,,
440,178.8,,176.8,177.5,3,-10800,,,,,,,,,,,,,
441,178.2,,177.2,177.7,0.6,-2160,,,,,,,,,,,,,
442,177.4,,177.5,177.6,0.8,-2880,,,,,,,,,,,,,
443,177.8,,177.8,177.7,-0.4,1440,,,,,,,,,,,,,
444,178.4,,178.1,177.8,-0.6,2160,,,,,,,,,,,,,
445,177.6,,178.6,177.8,0.8,-2880,,,,,,,,,,,,,
446,178.4,,178.1,177.9,-0.8,2880,,,,,,,,,,,,,
447,176.2,,177.7,177.5,2.2,-7920,,,,,,,,,,,,,
448,175,,177.3,176.9,1.2,-4320,,,,,,,,,,,,,
449,175.2,,176.9,176.5,-0.2,720,,,,,,,,,,,,,
450,178.8,,177.1,177.0,-3.6,12960,,,,,,,,,,,,,
451,176.8,,176.9,177.0,2,-7200,,,,,,,,,,,,,
452,175,,176.5,176.5,1.8,-6480,,,,,,,,,,,,,
453,174.4,,175.9,176.0,0.6,-2160,,,,,,,,,,,,,
454,176,,175.9,176.0,-1.6,5760,,,,,,,,,,,,,
455,176.6,,176.1,176.1,-0.6,2160,,,,,,,,,,,,,
456,178,,176.5,176.6,-1.4,5040,,,,,,,,,,,,,
457,177.4,,176.3,176.8,0.6,-2160,,,,,,,,,,,,,
458,176.2,,176.2,176.6,1.2,-4320,,,,,,,,,,,,,
459,177.8,,176.6,176.9,-1.6,5760,,,,,,,,,,,,,
460,176.8,,177.0,176.9,1,-3600,,,,,,,,,,,,,
461,174.6,,176.8,176.3,2.2,-7920,,,,,,,,,,,,,
462,176,,176.7,176.2,-1.4,5040,,,,,,,,,,,,,
463,175.6,,176.3,176.1,0.4,-1440,,,,,,,,,,,,,
464,175.6,,176.1,176.0,0,0,,,,,,,,,,,,,
465,173.8,,175.7,175.4,1.8,-6480,,,,,,,,,,,,,
466 (post hackathon),178.8,,175.9,176.3,-5,18000,,,,,,,,,,,,,
467,178,,176.1,176.7,0.8,-2880,,,,,,,,,,,,,
468,176.2,,176.3,176.6,1.8,-6480,,,,,,,,,,,,,
469,175.4,,176.2,176.3,0.8,-2880,,,,,,,,,,,,,
470,175.4,,176.2,176.1,0,0,,,,,,,,,,,,,
471,177,,176.4,176.3,-1.6,5760,,,,,,,,,,,,,
472,177.8,,176.9,176.7,-0.8,2880,,,,,,,,,,,,,
473,178.4,,176.9,177.1,-0.6,2160,,,,,,,,,,,,,
474,180.2,,177.2,177.9,-1.8,6480,,,,,,,,,,,,,
475,181.2,,177.9,178.7,-1,3600,,,,,,,,,,,,,
476,178.6,,178.4,178.7,2.6,-9360,,,,,,,,,,,,,
477,177.8,,178.7,178.5,0.8,-2880,,,,,,,,,,,,,
478,178.6,,178.9,178.5,-0.8,2880,,,,,,,,,,,,,
479,179,,179.1,178.6,-0.4,1440,,,,,,,,,,,,,
480,179.8,,179.3,178.9,-0.8,2880,,,,,,,,,,,,,
481,178.2,,179.0,178.7,1.6,-5760,,,,,,,,,,,,,
482,179.4,,178.8,178.9,-1.2,4320,,,,,,,,,,,,,
483,179.8,,178.9,179.1,-0.4,1440,,,,,,,,,,,,,
484,181,,179.4,179.6,-1.2,4320,,,,,,,,,,,,,
485,178.6,,179.4,179.3,2.4,-8640,,,,,,,,,,,,,
486,,,,,0,0,,,,,,,,,,,,,
487,,,,,0,0,,,,,,,,,,,,,
488,,,,,0,0,,,,,,,,,,,,,
489,,,,,0,0,,,,,,,,,,,,,
490,,,,,0,0,,,,,,,,,,,,,
491,,,,,0,0,,,,,,,,,,,,,
492,,,,,0,0,,,,,,,,,,,,,
493,,,,,0,0,,,,,,,,,,,,,
494,,,,,0,0,,,,,,,,,,,,,
495,,,,,0,0,,,,,,,,,,,,,
496,,,,,0,0,,,,,,,,,,,,,
497,,,,,0,0,,,,,,,,,,,,,
498,,,,,0,0,,,,,,,,,,,,,
499,,,,,0,0,,,,,,,,,,,,,
500,,,,,0,0,,,,,,,,,,,,,
501,,,,,0,0,,,,,,,,,,,,,
502,,,,,0,0,,,,,,,,,,,,,
503,,,,,0,0,,,,,,,,,,,,,
504,,,,,0,0,,,,,,,,,,,,,
505,,,,,0,0,,,,,,,,,,,,,
506,,,,,0,0,,,,,,,,,,,,,
507,,,,,0,0,,,,,,,,,,,,,
508,,,,,0,0,,,,,,,,,,,,,
509,,,,,0,0,,,,,,,,,,,,,
510,,,,,0,0,,,,,,,,,,,,,
511,,,,,0,0,,,,,,,,,,,,,
512,,,,,0,0,,,,,,,,,,,,,
513,,,,,0,0,,,,,,,,,,,,,
514,,,,,0,0,,,,,,,,,,,,,
515,,,,,0,0,,,,,,,,,,,,,
516,,,,,0,0,,,,,,,,,,,,,
517,,,,,0,0,,,,,,,,,,,,,
518,,,,,0,0,,,,,,,,,,,,,
519,,,,,0,0,,,,,,,,,,,,,
520,,,,,0,0,,,,,,,,,,,,,
521,,,,,0,0,,,,,,,,,,,,,
522,,,,,0,0,,,,,,,,,,,,,
523,,,,,0,0,,,,,,,,,,,,,
524,,,,,0,0,,,,,,,,,,,,,
525,,,,,0,0,,,,,,,,,,,,,
526,,,,,0,0,,,,,,,,,,,,,
527,,,,,0,0,,,,,,,,,,,,,
528,,,,,0,0,,,,,,,,,,,,,
529,,,,,0,0,,,,,,,,,,,,,
530,,,,,0,0,,,,,,,,,,,,,
531,,,,,0,0,,,,,,,,,,,,,
532,,,,,0,0,,,,,,,,,,,,,
533,,,,,0,0,,,,,,,,,,,,,
534,,,,,0,0,,,,,,,,,,,,,
535,,,,,0,0,,,,,,,,,,,,,
536,,,,,0,0,,,,,,,,,,,,,
537,,,,,0,0,,,,,,,,,,,,,
538,,,,,0,0,,,,,,,,,,,,,
539,,,,,0,0,,,,,,,,,,,,,
540,,,,,0,0,,,,,,,,,,,,,
541,,,,,0,0,,,,,,,,,,,,,
542,,,,,0,0,,,,,,,,,,,,,
543,,,,,0,0,,,,,,,,,,,,,
544,,,,,0,0,,,,,,,,,,,,,
545,,,,,0,0,,,,,,,,,,,,,
546,,,,,0,0,,,,,,,,,,,,,
547,,,,,0,0,,,,,,,,,,,,,
548,,,,,0,0,,,,,,,,,,,,,
549,,,,,0,0,,,,,,,,,,,,,
550,,,,,0,0,,,,,,,,,,,,,
551,,,,,0,0,,,,,,,,,,,,,
552,,,,,0,0,,,,,,,,,,,,,
553,,,,,0,0,,,,,,,,,,,,,
554,,,,,0,0,,,,,,,,,,,,,
555,,,,,0,0,,,,,,,,,,,,,
556,,,,,0,0,,,,,,,,,,,,,
557,,,,,0,0,,,,,,,,,,,,,
558,,,,,0,0,,,,,,,,,,,,,
559,,,,,0,0,,,,,,,,,,,,,
560,,,,,0,0,,,,,,,,,,,,,
561,,,,,0,0,,,,,,,,,,,,,
562,,,,,0,0,,,,,,,,,,,,,
563,,,,,0,0,,,,,,,,,,,,,
564,,,,,0,0,,,,,,,,,,,,,
565,,,,,0,0,,,,,,,,,,,,,
566,,,,,0,0,,,,,,,,,,,,,
567,,,,,0,0,,,,,,,,,,,,,
568,,,,,0,0,,,,,,,,,,,,,
569,,,,,0,0,,,,,,,,,,,,,
570,,,,,0,0,,,,,,,,,,,,,
571,,,,,0,0,,,,,,,,,,,,,
572,,,,,0,0,,,,,,,,,,,,,
573,,,,,0,0,,,,,,,,,,,,,
574,,,,,0,0,,,,,,,,,,,,,
575,,,,,0,0,,,,,,,,,,,,,
576,,,,,0,0,,,,,,,,,,,,,
577,,,,,0,0,,,,,,,,,,,,,
578,,,,,0,0,,,,,,,,,,,,,
579,,,,,0,0,,,,,,,,,,,,,
580,,,,,0,0,,,,,,,,,,,,,
581,,,,,0,0,,,,,,,,,,,,,
582,,,,,0,0,,,,,,,,,,,,,
583,,,,,0,0,,,,,,,,,,,,,
584,,,,,0,0,,,,,,,,,,,,,
585,,,,,0,0,,,,,,,,,,,,,
586,,,,,0,0,,,,,,,,,,,,,
587,,,,,0,0,,,,,,,,,,,,,
588,,,,,0,0,,,,,,,,,,,,,
589,,,,,0,0,,,,,,,,,,,,,
590,,,,,0,0,,,,,,,,,,,,,
591,,,,,0,0,,,,,,,,,,,,,
592,,,,,0,0,,,,,,,,,,,,,
593,,,,,0,0,,,,,,,,,,,,,
594,,,,,0,0,,,,,,,,,,,,,
595,,,,,0,0,,,,,,,,,,,,,
596,,,,,0,0,,,,,,,,,,,,,
597,,,,,0,0,,,,,,,,,,,,,
598,,,,,0,0,,,,,,,,,,,,,
599,,,,,0,0,,,,,,,,,,,,,
600,,,,,0,0,,,,,,,,,,,,,
601,,,,,0,0,,,,,,,,,,,,,
602,,,,,0,0,,,,,,,,,,,,,
603,,,,,0,0,,,,,,,,,,,,,
604,,,,,0,0,,,,,,,,,,,,,
605,,,,,0,0,,,,,,,,,,,,,
606,,,,,0,0,,,,,,,,,,,,,
607,,,,,0,0,,,,,,,,,,,,,
608,,,,,0,0,,,,,,,,,,,,,
609,,,,,0,0,,,,,,,,,,,,,
610,,,,,0,0,,,,,,,,,,,,,
611,,,,,0,0,,,,,,,,,,,,,
612,,,,,0,0,,,,,,,,,,,,,
613,,,,,0,0,,,,,,,,,,,,,
614,,,,,0,0,,,,,,,,,,,,,
615,,,,,0,0,,,,,,,,,,,,,
616,,,,,0,0,,,,,,,,,,,,,
617,,,,,0,0,,,,,,,,,,,,,
618,,,,,0,0,,,,,,,,,,,,,
619,,,,,0,0,,,,,,,,,,,,,
620,,,,,0,0,,,,,,,,,,,,,
621,,,,,0,0,,,,,,,,,,,,,
622,,,,,0,0,,,,,,,,,,,,,
623,,,,,0,0,,,,,,,,,,,,,
624,,,,,0,0,,,,,,,,,,,,,
625,,,,,0,0,,,,,,,,,,,,,
626,,,,,0,0,,,,,,,,,,,,,
627,,,,,0,0,,,,,,,,,,,,,
628,,,,,0,0,,,,,,,,,,,,,
629,,,,,0,0,,,,,,,,,,,,,
630,,,,,0,0,,,,,,,,,,,,,
631,,,,,0,0,,,,,,,,,,,,,
632,,,,,0,0,,,,,,,,,,,,,
633,,,,,0,0,,,,,,,,,,,,,
634,,,,,0,0,,,,,,,,,,,,,
635,,,,,0,0,,,,,,,,,,,,,
636,,,,,0,0,,,,,,,,,,,,,
637,,,,,0,0,,,,,,,,,,,,,
638,,,,,0,0,,,,,,,,,,,,,
639,,,,,0,0,,,,,,,,,,,,,
640,,,,,0,0,,,,,,,,,,,,,
641,,,,,0,0,,,,,,,,,,,,,
642,,,,,0,0,,,,,,,,,,,,,
643,,,,,0,0,,,,,,,,,,,,,
644,,,,,0,0,,,,,,,,,,,,,
645,,,,,0,0,,,,,,,,,,,,,
646,,,,,0,0,,,,,,,,,,,,,
647,,,,,0,0,,,,,,,,,,,,,
648,,,,,0,0,,,,,,,,,,,,,
649,,,,,0,0,,,,,,,,,,,,,
650,,,,,0,0,,,,,,,,,,,,,
651,,,,,0,0,,,,,,,,,,,,,
652,,,,,0,0,,,,,,,,,,,,,
653,,,,,0,0,,,,,,,,,,,,,
654,,,,,0,0,,,,,,,,,,,,,
655,,,,,0,0,,,,,,,,,,,,,
656,,,,,0,0,,,,,,,,,,,,,
657,,,,,0,0,,,,,,,,,,,,,
658,,,,,0,0,,,,,,,,,,,,,
659,,,,,0,0,,,,,,,,,,,,,
660,,,,,0,0,,,,,,,,,,,,,
661,,,,,0,0,,,,,,,,,,,,,
662,,,,,0,0,,,,,,,,,,,,,
663,,,,,0,0,,,,,,,,,,,,,
664,,,,,0,0,,,,,,,,,,,,,
665,,,,,0,0,,,,,,,,,,,,,
666,,,,,0,0,,,,,,,,,,,,,
667,,,,,0,0,,,,,,,,,,,,,
668,,,,,0,0,,,,,,,,,,,,,
669,,,,,0,0,,,,,,,,,,,,,
670,,,,,0,0,,,,,,,,,,,,,
671,,,,,0,0,,,,,,,,,,,,,
672,,,,,0,0,,,,,,,,,,,,,
673,,,,,0,0,,,,,,,,,,,,,
674,,,,,0,0,,,,,,,,,,,,,
675,,,,,0,0,,,,,,,,,,,,,
676,,,,,0,0,,,,,,,,,,,,,
677,,,,,0,0,,,,,,,,,,,,,
678,,,,,0,0,,,,,,,,,,,,,
679,,,,,0,0,,,,,,,,,,,,,
680,,,,,0,0,,,,,,,,,,,,,
681,,,,,0,0,,,,,,,,,,,,,
682,,,,,0,0,,,,,,,,,,,,,
683,,,,,0,0,,,,,,,,,,,,,
684,,,,,0,0,,,,,,,,,,,,,
685,,,,,0,0,,,,,,,,,,,,,
686,,,,,0,0,,,,,,,,,,,,,
687,,,,,0,0,,,,,,,,,,,,,
688,,,,,0,0,,,,,,,,,,,,,
689,,,,,0,0,,,,,,,,,,,,,
690,,,,,0,0,,,,,,,,,,,,,
691,,,,,0,0,,,,,,,,,,,,,
692,,,,,0,0,,,,,,,,,,,,,
693,,,,,0,0,,,,,,,,,,,,,
694,,,,,0,0,,,,,,,,,,,,,
695,,,,,0,0,,,,,,,,,,,,,
696,,,,,0,0,,,,,,,,,,,,,
697,,,,,0,0,,,,,,,,,,,,,
698,,,,,0,0,,,,,,,,,,,,,
699,,,,,0,0,,,,,,,,,,,,,
700,,,,,0,0,,,,,,,,,,,,,
701,,,,,0,0,,,,,,,,,,,,,
702,,,,,0,0,,,,,,,,,,,,,
703,,,,,0,0,,,,,,,,,,,,,
704,,,,,0,0,,,,,,,,,,,,,
705,,,,,0,0,,,,,,,,,,,,,
706,,,,,0,0,,,,,,,,,,,,,
707,,,,,0,0,,,,,,,,,,,,,
708,,,,,0,0,,,,,,,,,,,,,
709,,,,,0,0,,,,,,,,,,,,,
710,,,,,0,0,,,,,,,,,,,,,
711,,,,,0,0,,,,,,,,,,,,,
712,,,,,0,0,,,,,,,,,,,,,
713,,,,,0,0,,,,,,,,,,,,,
714,,,,,0,0,,,,,,,,,,,,,
715,,,,,0,0,,,,,,,,,,,,,
716,,,,,0,0,,,,,,,,,,,,,
717,,,,,0,0,,,,,,,,,,,,,
718,,,,,0,0,,,,,,,,,,,,,
719,,,,,0,0,,,,,,,,,,,,,
720,,,,,0,0,,,,,,,,,,,,,
721,,,,,0,0,,,,,,,,,,,,,
722,,,,,0,0,,,,,,,,,,,,,
723,,,,,0,0,,,,,,,,,,,,,
724,,,,,0,0,,,,,,,,,,,,,
725,,,,,0,0,,,,,,,,,,,,,
726,,,,,0,0,,,,,,,,,,,,,
727,,,,,0,0,,,,,,,,,,,,,
728,,,,,0,0,,,,,,,,,,,,,
729,,,,,0,0,,,,,,,,,,,,,
730,,,,,0,0,,,,,,,,,,,,,
,,,,,0,0,,,,,,,,,,,,,
,,,,,0,0,,,,,,,,,,,,,
,,,,,0,0,,,,,,,,,,,,,
,,,,,0,0,,,,,,,,,,,,,
,,,,,0,0,,,,,,,,,,,,,
,,,,,0,0,,,,,,,,,,,,,
,,,,,0,0,,,,,,,,,,,,,
,,,,,0,0,,,,,,,,,,,,,
,,,,,0,0,,,,,,,,,,,,,
,,,,,0,0,,,,,,,,,,,,,
,,,,,0,0,,,,,,,,,,,,,
,,,,,0,0,,,,,,,,,,,,,
,,,,,0,0,,,,,,,,,,,,,
,,,,,0,0,,,,,,,,,,,,,
,,,,,0,0,,,,,,,,,,,,,
,,,,,0,0,,,,,,,,,,,,,
,,,,,0,0,,,,,,,,,,,,,
,,,,,0,0,,,,,,,,,,,,,
,,,,,0,0,,,,,,,,,,,,,
,,,,,0,0,,,,,,,,,,,,,
,,,,,0,0,,,,,,,,,,,,,
,,,,,0,0,,,,,,,,,,,,,
,,,,,0,0,,,,,,,,,,,,,
,,,,,0,0,,,,,,,,,,,,,
,,,,,0,0,,,,,,,,,,,,,
,,,,,0,0,,,,,,,,,,,,,
,,,,,0,0,,,,,,,,,,,,,
,,,,,0,0,,,,,,,,,,,,,
,,,,,0,0,,,,,,,,,,,,,
,,,,,0,0,,,,,,,,,,,,,
,,,,,0,0,,,,,,,,,,,,,
,,,,,0,0,,,,,,,,,,,,,
,,,,,0,0,,,,,,,,,,,,,
,,,,,0,,,,,,,,,,,,,,
,,,,,0,,,,,,,,,,,,,,
,,,,,0,,,,,,,,,,,,,,
,,,,,0,,,,,,,,,,,,,,
,,,,,0,,,,,,,,,,,,,,
,,,,,0,,,,,,,,,,,,,,
,,,,,0,,,,,,,,,,,,,,
,,,,,0,,,,,,,,,,,,,,
,,,,,0,,,,,,,,,,,,,,
,,,,,0,,,,,,,,,,,,,,
,,,,,0,,,,,,,,,,,,,,
,,,,,0,,,,,,,,,,,,,,
,,,,,0,,,,,,,,,,,,,,
,,,,,0,,,,,,,,,,,,,,
,,,,,0,,,,,,,,,,,,,,
,,,,,0,,,,,,,,,,,,,,
,,,,,0,,,,,,,,,,,,,,
,,,,,0,,,,,,,,,,,,,,
,,,,,0,,,,,,,,,,,,,,
,,,,,0,,,,,,,,,,,,,,
,,,,,0,,,,,,,,,,,,,,
,,,,,0,,,,,,,,,,,,,,
,,,,,0,,,,,,,,,,,,,,
,,,,,0,,,,,,,,,,,,,,
,,,,,0,,,,,,,,,,,,,,
,,,,,0,,,,,,,,,,,,,,
,,,,,0,,,,,,,,,,,,,,
,,,,,0,,,,,,,,,,,,,,
,,,,,0,,,,,,,,,,,,,,
,,,,,0,,,,,,,,,,,,,,
,,,,,0,,,,,,,,,,,,,,
,,,,,0,,,,,,,,,,,,,,
,,,,,0,,,,,,,,,,,,,,
,,,,,0,,,,,,,,,,,,,,
,,,,,0,,,,,,,,,,,,,,
,,,,,0,,,,,,,,,,,,,,
,,,,,0,,,,,,,,,,,,,,
,,,,,0,,,,,,,,,,,,,,
,,,,,0,,,,,,,,,,,,,,
,,,,,0,,,,,,,,,,,,,,
,,,,,0,,,,,,,,,,,,,,
,,,,,0,,,,,,,,,,,,,,
,,,,,0,,,,,,,,,,,,,,
,,,,,0,,,,,,,,,,,,,,
,,,,,0,,,,,,,,,,,,,,
,,,,,0,,,,,,,,,,,,,,
,,,,,0,,,,,,,,,,,,,,
,,,,,0,,,,,,,,,,,,,,
,,,,,0,,,,,,,,,,,,,,
,,,,,0,,,,,,,,,,,,,,
,,,,,0,,,,,,,,,,,,,,
,,,,,0,,,,,,,,,,,,,,
,,,,,0,,,,,,,,,,,,,,
,,,,,0,,,,,,,,,,,,,,
,,,,,0,,,,,,,,,,,,,,
,,,,,0,,,,,,,,,,,,,,
,,,,,0,,,,,,,,,,,,,,
,,,,,0,,,,,,,,,,,,,,
,,,,,0,,,,,,,,,,,,,,
,,,,,0,,,,,,,,,,,,,,
,,,,,0,,,,,,,,,,,,,,
,,,,,0,,,,,,,,,,,,,,
,,,,,0,,,,,,,,,,,,,,
,,,,,0,,,,,,,,,,,,,,
,,,,,0,,,,,,,,,,,,,,
,,,,,0,,,,,,,,,,,,,,
,,,,,0,,,,,,,,,,,,,,
,,,,,0,,,,,,,,,,,,,,
,,,,,0,,,,,,,,,,,,,,
,,,,,0,,,,,,,,,,,,,,
,,,,,0,,,,,,,,,,,,,,
,,,,,0,,,,,,,,,,,,,,
,,,,,0,,,,,,,,,,,,,,
,,,,,0,,,,,,,,,,,,,,
,,,,,0,,,,,,,,,,,,,,
,,,,,0,,,,,,,,,,,,,,
,,,,,0,,,,,,,,,,,,,,
,,,,,0,,,,,,,,,,,,,,
,,,,,0,,,,,,,,,,,,,,
,,,,,0,,,,,,,,,,,,,,
,,,,,0,,,,,,,,,,,,,,
,,,,,0,,,,,,,,,,,,,,
,,,,,0,,,,,,,,,,,,,,
,,,,,0,,,,,,,,,,,,,,
,,,,,0,,,,,,,,,,,,,,
,,,,,0,,,,,,,,,,,,,,
,,,,,0,,,,,,,,,,,,,,
,,,,,0,,,,,,,,,,,,,,
,,,,,0,,,,,,,,,,,,,,
,,,,,0,,,,,,,,,,,,,,
,,,,,0,,,,,,,,,,,,,,
,,,,,0,,,,,,,,,,,,,,